t,phase,ctr_window,revenue_window,latency_ms,pending_conversions,selected_ad_id,n_arms,cumulative_clicks,cumulative_revenue
0,warm-up,0.000000,0.000000,15.78,0,3,6,0,0.000000
1,warm-up,0.000000,0.000000,14.19,0,6,6,0,0.000000
2,warm-up,0.333333,0.039210,13.47,1,2,6,1,0.000000
3,warm-up,0.250000,0.029408,13.12,1,3,6,1,0.000000
4,warm-up,0.200000,0.023526,12.87,1,4,6,1,0.000000
5,warm-up,0.166667,0.019605,12.65,1,6,6,1,0.000000
6,warm-up,0.142857,0.016804,12.48,1,4,6,1,0.000000
7,warm-up,0.125000,0.014704,12.72,1,6,6,1,0.000000
8,warm-up,0.222222,0.023506,12.84,1,3,6,2,0.000000
9,warm-up,0.300000,0.030831,12.94,2,2,6,3,0.000000
10,warm-up,0.363636,0.038910,12.83,3,2,6,4,0.000000
11,warm-up,0.333333,0.035668,13.68,3,4,6,4,0.000000
12,warm-up,0.307692,0.032924,13.41,3,6,6,4,0.000000
13,warm-up,0.357143,0.033849,13.18,4,6,6,5,0.000000
14,warm-up,0.400000,0.034523,13.07,5,6,6,6,0.000000
15,warm-up,0.375000,0.032365,12.94,5,6,6,6,0.000000
16,warm-up,0.411765,0.038304,12.97,6,3,6,7,0.000000
17,warm-up,0.388889,0.036176,12.83,6,2,6,7,0.000000
18,warm-up,0.421053,0.036586,12.72,6,6,6,8,0.000000
19,warm-up,0.400000,0.034757,12.63,6,6,6,8,0.000000
20,warm-up,0.380952,0.033102,12.56,6,3,6,8,0.000000
21,warm-up,0.409091,0.034019,12.36,7,6,6,9,0.000000
22,warm-up,0.391304,0.032540,12.16,7,4,6,9,0.000000
23,warm-up,0.375000,0.031184,11.99,6,6,6,9,0.133329
24,warm-up,0.360000,0.029936,11.82,6,6,6,9,0.133329
25,warm-up,0.346154,0.028785,11.65,6,4,6,9,0.133329
26,warm-up,0.333333,0.027719,11.51,6,3,6,9,0.133329
27,warm-up,0.321429,0.026729,11.39,5,6,6,9,0.179203
28,warm-up,0.344828,0.029761,11.27,5,2,6,10,0.179203
29,warm-up,0.366667,0.032134,11.18,4,2,6,11,0.340790
30,warm-up,0.387097,0.032702,11.10,4,6,6,12,0.340790
31,warm-up,0.375000,0.031680,10.99,4,4,6,12,0.340790
32,warm-up,0.363636,0.030720,10.90,4,2,6,12,0.340790
33,warm-up,0.352941,0.029816,10.80,4,2,6,12,0.340790
34,warm-up,0.371429,0.031085,10.71,5,6,6,13,0.340790
35,warm-up,0.361111,0.030222,10.64,5,6,6,13,0.340790
36,warm-up,0.378378,0.034712,10.56,6,3,6,14,0.340790
37,warm-up,0.368421,0.033798,10.48,5,2,6,14,0.460489
38,warm-up,0.384615,0.033742,10.41,6,6,6,15,0.460489
39,warm-up,0.400000,0.034136,10.35,6,2,6,16,0.460489
40,warm-up,0.390244,0.033304,10.28,6,6,6,16,0.460489
41,warm-up,0.380952,0.032511,10.21,6,2,6,16,0.460489
42,warm-up,0.372093,0.031755,10.15,6,2,6,16,0.460489
43,warm-up,0.363636,0.031033,10.09,6,6,6,16,0.460489
44,warm-up,0.355556,0.030344,10.07,5,2,6,16,0.557245
45,warm-up,0.347826,0.029684,10.04,5,6,6,16,0.557245
46,warm-up,0.340426,0.029052,9.99,4,4,6,16,0.631468
47,warm-up,0.333333,0.028447,9.94,4,6,6,16,0.631468
48,warm-up,0.326531,0.027867,10.02,4,2,6,16,0.631468
49,warm-up,0.320000,0.027309,9.97,4,2,6,16,0.631468
50,warm-up,0.320000,0.027309,9.81,3,4,6,16,0.732426
51,warm-up,0.320000,0.027309,9.71,3,6,6,16,0.732426
52,warm-up,0.300000,0.024957,9.63,3,3,6,16,0.732426
53,warm-up,0.320000,0.028421,9.55,3,3,6,17,0.732426
54,warm-up,0.320000,0.028421,9.47,3,2,6,17,0.732426
55,warm-up,0.320000,0.028421,9.39,3,4,6,17,0.732426
56,warm-up,0.320000,0.028421,9.38,3,6,6,17,0.732426
57,warm-up,0.340000,0.030167,9.38,3,2,6,18,0.732426
58,warm-up,0.320000,0.028288,9.26,3,3,6,18,0.732426
59,warm-up,0.320000,0.029709,9.13,4,4,6,19,0.732426
60,warm-up,0.300000,0.027315,9.05,4,3,6,19,0.732426
61,warm-up,0.300000,0.027315,8.76,3,3,6,19,0.785702
62,warm-up,0.300000,0.027315,8.71,3,6,6,19,0.785702
63,warm-up,0.280000,0.026397,8.66,3,6,6,19,0.785702
64,warm-up,0.260000,0.025518,8.59,3,4,6,19,0.785702
65,warm-up,0.260000,0.025518,8.54,3,6,6,19,0.785702
66,warm-up,0.240000,0.022852,8.43,3,6,6,19,0.785702
67,warm-up,0.240000,0.022852,8.38,3,3,6,19,0.785702
68,warm-up,0.220000,0.021972,8.32,3,2,6,19,0.785702
69,warm-up,0.240000,0.024269,8.25,3,4,6,20,0.785702
70,warm-up,0.240000,0.024269,8.20,3,4,6,20,0.785702
71,warm-up,0.220000,0.023203,8.20,3,6,6,20,0.785702
72,warm-up,0.220000,0.023203,8.20,3,2,6,20,0.785702
73,warm-up,0.220000,0.023203,8.20,3,3,6,20,0.785702
74,warm-up,0.240000,0.026790,8.20,3,4,6,21,0.785702
75,warm-up,0.260000,0.028530,8.21,3,2,6,22,0.982062
76,warm-up,0.260000,0.028530,8.25,3,4,6,22,0.982062
77,warm-up,0.260000,0.028530,8.26,3,2,6,22,0.982062
78,warm-up,0.260000,0.027076,8.26,4,6,6,23,0.982062
79,warm-up,0.240000,0.025057,8.25,4,3,6,23,0.982062
80,warm-up,0.220000,0.024063,8.28,3,6,6,23,1.013670
81,warm-up,0.220000,0.024063,8.29,3,6,6,23,1.013670
82,warm-up,0.220000,0.024063,8.32,3,4,6,23,1.013670
83,warm-up,0.240000,0.025497,8.33,4,6,6,24,1.013670
84,warm-up,0.240000,0.025862,8.35,4,2,6,25,1.013670
85,warm-up,0.240000,0.025862,8.35,4,3,6,25,1.013670
86,warm-up,0.220000,0.021935,8.37,4,6,6,25,1.013670
87,warm-up,0.240000,0.023373,8.37,5,6,6,26,1.013670
88,warm-up,0.220000,0.022741,8.38,4,2,6,26,1.055652
89,warm-up,0.200000,0.021751,8.38,4,6,6,26,1.055652
90,warm-up,0.200000,0.021751,8.40,4,2,6,26,1.055652
91,warm-up,0.200000,0.021751,8.45,3,6,6,26,1.127367
92,warm-up,0.220000,0.024073,8.48,4,2,6,27,1.127367
93,warm-up,0.220000,0.024073,8.48,4,4,6,27,1.127367
94,warm-up,0.240000,0.025409,8.45,5,6,6,28,1.127367
95,warm-up,0.260000,0.028164,8.44,6,3,6,29,1.127367
96,warm-up,0.260000,0.028164,8.48,5,6,6,29,1.295156
97,warm-up,0.260000,0.028164,8.52,5,3,6,29,1.295156
98,warm-up,0.280000,0.028993,8.42,6,2,6,30,1.295156
99,warm-up,0.280000,0.028993,8.47,6,6,6,30,1.295156
100,stable,0.280000,0.028993,8.52,6,4,6,30,1.295156
101,stable,0.300000,0.030513,8.59,5,3,6,31,1.411237
102,stable,0.320000,0.031237,8.63,6,6,6,32,1.411237
103,stable,0.320000,0.030050,8.66,7,2,6,33,1.411237
104,stable,0.320000,0.030050,8.69,7,6,6,33,1.411237
105,stable,0.320000,0.030050,8.75,6,6,6,33,1.548999
106,stable,0.320000,0.030050,8.71,6,3,6,33,1.548999
107,stable,0.300000,0.028304,8.59,6,3,6,33,1.548999
108,stable,0.300000,0.028304,8.60,6,3,6,33,1.548999
109,stable,0.280000,0.024949,8.62,6,3,6,33,1.548999
110,stable,0.280000,0.024949,8.62,6,3,6,33,1.548999
111,stable,0.280000,0.024949,8.61,6,3,6,33,1.548999
112,stable,0.280000,0.024949,8.77,6,6,6,33,1.548999
113,stable,0.280000,0.024949,8.77,6,3,6,33,1.548999
114,stable,0.280000,0.024949,8.76,6,3,6,33,1.548999
115,stable,0.280000,0.024949,8.74,6,3,6,33,1.548999
116,stable,0.280000,0.024949,8.74,5,3,6,33,1.615796
117,stable,0.300000,0.026538,8.73,6,3,6,34,1.615796
118,stable,0.300000,0.026538,8.77,6,3,6,34,1.615796
119,stable,0.280000,0.024241,8.78,6,3,6,34,1.615796
120,stable,0.280000,0.024241,8.76,6,3,6,34,1.615796
121,stable,0.280000,0.024241,8.78,6,3,6,34,1.615796
122,stable,0.280000,0.024241,8.77,5,3,6,34,1.702799
123,stable,0.280000,0.024241,8.76,5,3,6,34,1.702799
124,stable,0.260000,0.020655,8.76,5,3,6,34,1.702799
125,stable,0.240000,0.018915,8.78,4,3,6,34,1.774713
126,stable,0.260000,0.022716,8.73,5,3,6,35,1.774713
127,stable,0.260000,0.022716,8.71,5,3,6,35,1.774713
128,stable,0.240000,0.021876,8.72,5,3,6,35,1.774713
129,stable,0.240000,0.021876,8.74,4,3,6,35,1.810910
130,stable,0.240000,0.021876,8.72,4,3,6,35,1.810910
131,stable,0.240000,0.021876,8.76,4,3,6,35,1.810910
132,stable,0.240000,0.021876,8.75,4,3,6,35,1.810910
133,stable,0.220000,0.020442,8.77,3,3,6,35,1.924783
134,stable,0.200000,0.018592,8.77,3,3,6,35,1.924783
135,stable,0.220000,0.021421,8.80,3,3,6,36,1.924783
136,stable,0.220000,0.021421,8.78,3,3,6,36,1.924783
137,stable,0.200000,0.019983,8.79,2,3,6,36,2.114836
138,stable,0.200000,0.019983,8.78,2,3,6,36,2.114836
139,stable,0.200000,0.019983,8.77,2,3,6,36,2.114836
140,stable,0.200000,0.019983,8.75,2,3,6,36,2.114836
141,stable,0.200000,0.019983,8.71,2,3,6,36,2.114836
142,stable,0.180000,0.017661,8.70,2,3,6,36,2.114836
143,stable,0.180000,0.017661,8.70,2,3,6,36,2.114836
144,stable,0.180000,0.020468,8.77,3,3,6,37,2.114836
145,stable,0.180000,0.020678,8.81,3,3,6,38,2.156289
146,stable,0.180000,0.020678,8.79,3,3,6,38,2.156289
147,stable,0.180000,0.020678,8.79,3,3,6,38,2.156289
148,stable,0.160000,0.019849,8.80,3,3,6,38,2.156289
149,stable,0.160000,0.019849,8.77,3,3,6,38,2.156289
150,stable,0.160000,0.019849,8.76,3,3,6,38,2.156289
151,stable,0.160000,0.020560,8.72,4,3,6,39,2.156289
152,stable,0.140000,0.019837,8.71,4,3,6,39,2.156289
153,stable,0.140000,0.022023,8.71,4,3,6,40,2.156289
154,stable,0.160000,0.022757,8.70,5,6,6,41,2.156289
155,stable,0.160000,0.022757,8.69,5,3,6,41,2.156289
156,stable,0.160000,0.022757,8.68,5,3,6,41,2.156289
157,stable,0.180000,0.024679,8.75,5,3,6,42,2.235749
158,stable,0.180000,0.024679,8.77,5,3,6,42,2.235749
159,stable,0.180000,0.024679,8.80,4,3,6,42,2.347312
160,stable,0.180000,0.024679,8.83,4,3,6,42,2.347312
161,stable,0.180000,0.024679,8.85,4,3,6,42,2.347312
162,stable,0.200000,0.028573,8.70,5,3,6,43,2.347312
163,stable,0.200000,0.028573,8.70,5,3,6,43,2.347312
164,stable,0.220000,0.029364,8.70,6,6,6,44,2.347312
165,stable,0.220000,0.029364,8.71,5,6,6,44,2.443408
166,stable,0.220000,0.029364,8.72,5,3,6,44,2.443408
167,stable,0.200000,0.027775,8.74,5,3,6,44,2.443408
168,stable,0.200000,0.027775,8.70,5,3,6,44,2.443408
169,stable,0.220000,0.031930,8.77,5,3,6,45,2.443408
170,stable,0.220000,0.031930,8.83,5,3,6,45,2.443408
171,stable,0.220000,0.031930,8.90,5,3,6,45,2.443408
172,stable,0.220000,0.031930,8.96,5,3,6,45,2.443408
173,stable,0.220000,0.031930,8.99,5,3,6,45,2.443408
174,stable,0.220000,0.031930,9.01,5,3,6,45,2.443408
175,stable,0.240000,0.035361,9.03,6,3,6,46,2.443408
176,stable,0.220000,0.031560,9.08,6,3,6,46,2.443408
177,stable,0.240000,0.034753,9.08,7,3,6,47,2.443408
178,stable,0.260000,0.037281,9.06,7,3,6,48,2.443408
179,stable,0.280000,0.038982,9.03,8,3,6,49,2.443408
180,stable,0.280000,0.038982,9.00,8,3,6,49,2.443408
181,stable,0.280000,0.038982,8.95,8,3,6,49,2.443408
182,stable,0.280000,0.038982,8.92,8,3,6,49,2.443408
183,stable,0.280000,0.038982,8.90,8,3,6,49,2.443408
184,stable,0.280000,0.038982,8.89,7,3,6,49,2.480124
185,stable,0.280000,0.037573,8.85,8,6,6,50,2.480124
186,stable,0.280000,0.037573,8.85,8,3,6,50,2.480124
187,stable,0.280000,0.037573,8.84,8,3,6,50,2.480124
188,stable,0.300000,0.041041,8.84,8,3,6,51,2.519666
189,stable,0.320000,0.045022,8.86,9,3,6,52,2.519666
190,stable,0.320000,0.045022,8.87,9,3,6,52,2.519666
191,stable,0.320000,0.045022,8.87,9,3,6,52,2.519666
192,stable,0.320000,0.045022,8.87,7,3,6,52,2.762200
193,stable,0.320000,0.045022,8.86,7,3,6,52,2.762200
194,stable,0.300000,0.040880,8.79,5,3,6,52,3.163994
195,stable,0.300000,0.043855,8.84,4,4,6,53,3.312292
196,stable,0.300000,0.043855,8.84,4,4,6,53,3.312292
197,stable,0.300000,0.043855,8.87,4,4,6,53,3.312292
198,stable,0.320000,0.047378,8.89,4,4,6,54,3.312292
199,stable,0.340000,0.049452,8.91,5,2,6,55,3.312292
200,stable,0.340000,0.049452,8.91,5,4,6,55,3.312292
201,stable,0.320000,0.047220,8.90,5,4,6,55,3.312292
202,stable,0.320000,0.047220,8.89,5,4,6,55,3.312292
203,stable,0.320000,0.047104,8.91,5,4,6,56,3.312292
204,stable,0.300000,0.046369,8.90,5,4,6,56,3.312292
205,stable,0.300000,0.046369,8.89,4,4,6,56,3.415990
206,stable,0.300000,0.046369,8.92,4,4,6,56,3.415990
207,stable,0.280000,0.044448,8.86,4,4,6,56,3.415990
208,stable,0.300000,0.045717,8.86,5,2,6,57,3.415990
209,stable,0.300000,0.045717,8.85,5,4,6,57,3.415990
210,stable,0.300000,0.045717,8.84,5,2,6,57,3.415990
211,stable,0.300000,0.045717,8.85,4,4,6,57,3.615052
212,stable,0.280000,0.041823,8.85,3,4,6,57,3.788468
213,stable,0.280000,0.041823,8.92,3,4,6,57,3.788468
214,stable,0.260000,0.041032,8.98,3,4,6,57,3.788468
215,stable,0.260000,0.041032,8.99,3,4,6,57,3.788468
216,stable,0.280000,0.043389,8.99,3,2,6,58,3.788468
217,stable,0.300000,0.046574,8.97,3,4,6,59,3.788468
218,stable,0.300000,0.046574,9.00,3,4,6,59,3.788468
219,stable,0.280000,0.042419,8.94,3,4,6,59,3.788468
220,stable,0.280000,0.042419,8.89,3,4,6,59,3.788468
221,stable,0.280000,0.042419,8.86,3,4,6,59,3.788468
222,stable,0.280000,0.042419,8.80,2,4,6,59,3.873552
223,stable,0.280000,0.042419,8.77,2,2,6,59,3.873552
224,stable,0.280000,0.042419,8.79,2,4,6,59,3.873552
225,stable,0.260000,0.038988,8.78,2,4,6,59,3.873552
226,stable,0.260000,0.038988,8.74,1,4,6,59,4.033222
227,stable,0.240000,0.035795,8.76,1,4,6,59,4.033222
228,stable,0.220000,0.033267,8.79,1,4,6,59,4.033222
229,stable,0.200000,0.031565,8.83,1,2,6,59,4.033222
230,stable,0.200000,0.031565,8.87,1,4,6,59,4.033222
231,stable,0.200000,0.031565,8.89,1,4,6,59,4.033222
232,stable,0.220000,0.033376,8.90,2,2,6,60,4.033222
233,stable,0.220000,0.033376,8.90,2,4,6,60,4.033222
234,stable,0.220000,0.033376,8.91,2,4,6,60,4.033222
235,stable,0.200000,0.031956,8.94,2,4,6,60,4.033222
236,stable,0.200000,0.031956,8.95,2,4,6,60,4.033222
237,stable,0.200000,0.031956,8.97,2,2,6,60,4.033222
238,stable,0.180000,0.028488,8.98,2,4,6,60,4.033222
239,stable,0.160000,0.024507,9.00,2,4,6,60,4.033222
240,stable,0.160000,0.024507,9.01,2,4,6,60,4.033222
241,stable,0.160000,0.024507,9.02,2,4,6,60,4.033222
242,stable,0.160000,0.024507,9.02,2,4,6,60,4.033222
243,stable,0.160000,0.024507,9.02,2,4,6,60,4.033222
244,stable,0.160000,0.024507,9.03,2,4,6,60,4.033222
245,stable,0.160000,0.023513,8.96,3,4,6,61,4.033222
246,stable,0.160000,0.023513,8.94,3,4,6,61,4.033222
247,stable,0.160000,0.023513,8.87,3,4,6,61,4.033222
248,stable,0.140000,0.019990,8.82,3,4,6,61,4.033222
249,stable,0.120000,0.017916,8.79,3,4,6,61,4.033222
250,stable,0.120000,0.017916,8.77,3,4,6,61,4.033222
251,stable,0.140000,0.019297,8.76,4,2,6,62,4.033222
252,stable,0.140000,0.019297,8.73,3,4,6,62,4.096675
253,stable,0.120000,0.014950,8.70,3,2,6,62,4.096675
254,stable,0.120000,0.014950,8.68,3,4,6,62,4.096675
255,stable,0.120000,0.014950,8.66,3,2,6,62,4.096675
256,stable,0.120000,0.014950,8.63,3,4,6,62,4.096675
257,stable,0.120000,0.014950,8.62,2,4,6,62,4.187215
258,stable,0.100000,0.013681,8.59,2,4,6,62,4.187215
259,stable,0.100000,0.013681,8.57,2,4,6,62,4.187215
260,stable,0.100000,0.013681,8.54,1,4,6,62,4.434551
261,stable,0.100000,0.013681,8.52,1,4,6,62,4.434551
262,stable,0.120000,0.014805,8.52,2,2,6,63,4.434551
263,stable,0.140000,0.016387,8.47,2,2,6,64,4.434551
264,stable,0.140000,0.016387,8.41,2,4,6,64,4.434551
265,stable,0.140000,0.016387,8.41,2,4,6,64,4.434551
266,stable,0.120000,0.014030,8.43,2,4,6,64,4.434551
267,stable,0.120000,0.012951,8.43,3,2,6,65,4.434551
268,stable,0.120000,0.012951,8.40,3,4,6,65,4.434551
269,stable,0.120000,0.012951,8.40,3,2,6,65,4.434551
270,stable,0.120000,0.012951,8.41,3,4,6,65,4.434551
271,stable,0.120000,0.012951,8.35,3,4,6,65,4.434551
272,stable,0.120000,0.012951,8.38,3,4,6,65,4.434551
273,stable,0.120000,0.012951,8.38,3,4,6,65,4.434551
274,stable,0.120000,0.012951,8.34,3,4,6,65,4.434551
275,stable,0.120000,0.012951,8.33,3,4,6,65,4.434551
276,stable,0.120000,0.012951,8.33,3,4,6,65,4.434551
277,stable,0.120000,0.012951,8.32,3,4,6,65,4.434551
278,stable,0.140000,0.015495,8.29,4,4,6,66,4.434551
279,stable,0.140000,0.015495,8.25,4,2,6,66,4.434551
280,stable,0.140000,0.015495,8.22,3,2,6,66,4.503614
281,stable,0.140000,0.015495,8.22,3,2,6,66,4.503614
282,stable,0.120000,0.013684,8.22,3,4,6,66,4.503614
283,stable,0.120000,0.013684,8.21,3,4,6,66,4.503614
284,stable,0.120000,0.013684,8.19,3,4,6,66,4.503614
285,stable,0.140000,0.015880,8.16,4,2,6,67,4.503614
286,stable,0.140000,0.015880,8.15,4,4,6,67,4.503614
287,stable,0.140000,0.015880,8.13,4,4,6,67,4.503614
288,stable,0.140000,0.015880,8.14,4,4,6,67,4.503614
289,stable,0.140000,0.015880,8.12,4,4,6,67,4.503614
290,stable,0.140000,0.015880,8.08,4,4,6,67,4.503614
291,stable,0.140000,0.015880,8.07,4,4,6,67,4.503614
292,stable,0.140000,0.015880,8.08,4,2,6,67,4.503614
293,stable,0.160000,0.019135,8.08,5,4,6,68,4.503614
294,stable,0.160000,0.019135,8.06,5,4,6,68,4.503614
295,stable,0.140000,0.014189,8.04,4,4,6,68,4.608917
296,stable,0.140000,0.014189,8.03,3,2,6,68,4.665100
297,stable,0.140000,0.014189,8.06,3,2,6,68,4.665100
298,stable,0.160000,0.017325,8.07,3,4,6,69,4.665100
299,stable,0.160000,0.017325,8.06,3,4,6,69,4.665100
300,cold-start,0.160000,0.017325,8.08,3,4,10,69,4.665100
301,shock,0.140000,0.015944,8.10,3,4,10,69,4.665100
302,shock,0.140000,0.015944,8.14,3,4,10,69,4.665100
303,shock,0.140000,0.015944,8.15,2,4,10,69,4.792283
304,shock,0.160000,0.020469,8.18,3,4,10,70,4.792283
305,shock,0.160000,0.020469,8.20,3,2,10,70,4.792283
306,shock,0.160000,0.020469,8.22,3,4,10,70,4.792283
307,shock,0.160000,0.020469,8.24,3,4,10,70,4.792283
308,shock,0.160000,0.020469,8.27,3,4,10,70,4.792283
309,shock,0.160000,0.020469,8.30,3,2,10,70,4.792283
310,shock,0.160000,0.020469,8.34,3,4,10,70,4.792283
311,shock,0.160000,0.020469,8.39,3,4,10,70,4.792283
312,shock,0.140000,0.019346,8.41,3,4,10,70,4.792283
313,shock,0.120000,0.017763,8.43,3,4,10,70,4.792283
314,shock,0.120000,0.017763,8.46,3,4,10,70,4.792283
315,shock,0.120000,0.017763,8.47,2,2,10,70,4.902085
316,shock,0.120000,0.017763,8.49,1,4,10,70,5.128369
317,shock,0.100000,0.015657,8.56,1,4,10,70,5.128369
318,shock,0.100000,0.015657,8.63,1,4,10,70,5.128369
319,shock,0.100000,0.015657,8.67,1,4,10,70,5.128369
320,shock,0.100000,0.015657,8.71,1,4,10,70,5.128369
321,shock,0.100000,0.015657,8.77,1,4,10,70,5.128369
322,shock,0.100000,0.015657,8.81,1,4,10,70,5.128369
323,shock,0.100000,0.015657,8.88,1,4,10,70,5.128369
324,shock,0.100000,0.015657,8.94,1,4,10,70,5.128369
325,shock,0.100000,0.015657,9.00,1,4,10,70,5.128369
326,shock,0.100000,0.015657,9.10,0,4,10,70,5.291147
327,shock,0.100000,0.015657,9.12,0,4,10,70,5.291147
328,shock,0.080000,0.013113,9.16,0,4,10,70,5.291147
329,shock,0.080000,0.013113,9.19,0,4,10,70,5.291147
330,shock,0.100000,0.018082,9.23,0,4,10,71,5.291147
331,shock,0.100000,0.018082,9.28,0,2,10,71,5.291147
332,shock,0.120000,0.019489,9.32,0,2,10,72,5.291147
333,shock,0.120000,0.019489,9.35,0,4,10,72,5.291147
334,shock,0.120000,0.019489,9.39,0,4,10,72,5.291147
335,shock,0.100000,0.017292,9.43,0,4,10,72,5.291147
336,shock,0.120000,0.020552,9.49,1,4,10,73,5.291147
337,shock,0.140000,0.022355,9.54,2,2,10,74,5.291147
338,shock,0.140000,0.022355,9.57,2,2,10,74,5.291147
339,shock,0.140000,0.022355,9.60,2,2,10,74,5.291147
340,shock,0.140000,0.022355,9.67,2,4,10,74,5.291147
341,shock,0.140000,0.022355,9.71,2,4,10,74,5.291147
342,shock,0.140000,0.022355,9.74,2,2,10,74,5.291147
343,shock,0.140000,0.023617,9.78,2,4,10,75,5.291147
344,shock,0.140000,0.023617,9.83,2,4,10,75,5.291147
345,shock,0.160000,0.025695,9.88,3,4,10,76,5.291147
346,shock,0.160000,0.025695,9.98,3,4,10,76,5.291147
347,shock,0.160000,0.025695,9.99,3,4,10,76,5.291147
348,shock,0.160000,0.025194,10.02,4,4,10,77,5.291147
349,shock,0.160000,0.025194,10.07,4,4,10,77,5.291147
350,recovery,0.160000,0.025194,10.10,4,2,10,77,5.291147
351,recovery,0.160000,0.025194,10.14,4,4,10,77,5.291147
352,recovery,0.160000,0.025194,10.17,4,4,10,77,5.291147
353,recovery,0.160000,0.025194,10.19,4,2,10,77,5.291147
354,recovery,0.140000,0.020668,10.19,4,4,10,77,5.291147
355,recovery,0.140000,0.020668,10.21,4,4,10,77,5.291147
356,recovery,0.140000,0.020668,10.22,4,4,10,77,5.291147
357,recovery,0.160000,0.025661,10.24,4,4,10,78,5.454133
358,recovery,0.160000,0.025661,10.24,4,2,10,78,5.454133
359,recovery,0.160000,0.025661,10.28,4,4,10,78,5.454133
360,recovery,0.160000,0.025661,10.28,4,4,10,78,5.454133
361,recovery,0.180000,0.029518,10.28,4,4,10,79,5.454133
362,recovery,0.180000,0.029518,10.28,4,4,10,79,5.454133
363,recovery,0.180000,0.029518,10.30,4,2,10,79,5.454133
364,recovery,0.180000,0.029518,10.30,4,4,10,79,5.454133
365,recovery,0.180000,0.029518,10.31,4,4,10,79,5.454133
366,recovery,0.180000,0.029518,10.31,4,4,10,79,5.454133
367,recovery,0.180000,0.029518,10.27,4,4,10,79,5.454133
368,recovery,0.180000,0.029518,10.25,4,2,10,79,5.454133
369,recovery,0.180000,0.029518,10.23,4,4,10,79,5.454133
370,recovery,0.180000,0.029518,10.23,3,2,10,79,5.544270
371,recovery,0.180000,0.029518,10.21,2,4,10,79,5.793904
372,recovery,0.180000,0.029518,10.19,2,2,10,79,5.793904
373,recovery,0.200000,0.033503,10.17,3,4,10,80,5.793904
374,recovery,0.200000,0.033503,10.16,3,2,10,80,5.793904
375,recovery,0.200000,0.033503,10.20,3,4,10,80,5.793904
376,recovery,0.220000,0.038877,10.16,4,4,10,81,5.793904
377,recovery,0.220000,0.038877,10.18,4,2,10,81,5.793904
378,recovery,0.220000,0.038877,10.23,4,4,10,81,5.793904
379,recovery,0.240000,0.040267,10.26,5,2,10,82,5.793904
380,recovery,0.220000,0.035299,10.29,5,4,10,82,5.793904
381,recovery,0.220000,0.035299,10.32,5,4,10,82,5.793904
382,recovery,0.200000,0.033892,10.39,5,4,10,82,5.793904
383,recovery,0.200000,0.033892,10.42,5,4,10,82,5.793904
384,recovery,0.200000,0.033892,10.43,5,4,10,82,5.793904
385,recovery,0.200000,0.033892,10.44,5,4,10,82,5.793904
386,recovery,0.180000,0.030633,10.41,5,2,10,82,5.793904
387,recovery,0.160000,0.028830,10.40,4,4,10,82,5.897814
388,recovery,0.160000,0.028830,10.39,4,2,10,82,5.897814
389,recovery,0.160000,0.028830,10.39,3,2,10,82,6.029550
390,recovery,0.160000,0.028830,10.37,3,4,10,82,6.029550
391,recovery,0.180000,0.031469,10.37,4,4,10,83,6.029550
392,recovery,0.180000,0.031469,10.36,4,2,10,83,6.029550
393,recovery,0.160000,0.026952,10.36,4,4,10,83,6.029550
394,recovery,0.160000,0.026952,10.35,4,2,10,83,6.029550
395,recovery,0.140000,0.024873,10.34,4,4,10,83,6.029550
396,recovery,0.160000,0.027020,10.27,4,4,10,84,6.298226
397,recovery,0.160000,0.027020,10.26,4,4,10,84,6.298226
398,recovery,0.140000,0.024385,10.26,4,4,10,84,6.298226
399,recovery,0.140000,0.024385,10.24,4,2,10,84,6.298226
400,recovery,0.140000,0.024385,10.26,4,2,10,84,6.298226
401,recovery,0.140000,0.024385,10.25,4,2,10,84,6.298226
402,recovery,0.160000,0.029643,10.25,5,4,10,85,6.298226
403,recovery,0.160000,0.029643,10.26,5,4,10,85,6.298226
404,recovery,0.160000,0.029643,10.29,5,4,10,85,6.298226
405,recovery,0.160000,0.029643,10.30,5,4,10,85,6.298226
406,recovery,0.180000,0.034033,10.31,6,4,10,86,6.298226
407,recovery,0.160000,0.029041,10.32,6,2,10,86,6.298226
408,recovery,0.180000,0.030972,10.34,6,2,10,87,6.298226
409,recovery,0.180000,0.030972,10.32,5,4,10,87,6.367745
410,recovery,0.200000,0.032495,10.34,6,2,10,88,6.367745
411,recovery,0.180000,0.028638,10.35,6,4,10,88,6.367745
412,recovery,0.180000,0.028638,10.37,6,4,10,88,6.367745
413,recovery,0.180000,0.028638,10.38,5,4,10,88,6.567024
414,recovery,0.180000,0.028638,10.47,5,4,10,88,6.567024
415,recovery,0.200000,0.030807,10.51,5,4,10,89,6.567024
416,recovery,0.200000,0.030807,10.56,5,4,10,89,6.567024
417,recovery,0.200000,0.030807,10.56,5,4,10,89,6.567024
418,recovery,0.200000,0.030807,10.55,5,4,10,89,6.567024
419,recovery,0.200000,0.030807,10.55,5,2,10,89,6.567024
420,recovery,0.200000,0.030807,10.54,5,4,10,89,6.567024
421,recovery,0.220000,0.031764,10.52,6,2,10,90,6.567024
422,recovery,0.220000,0.031764,10.50,5,2,10,90,6.674343
423,recovery,0.200000,0.027778,10.55,5,2,10,90,6.674343
424,recovery,0.200000,0.027778,10.58,4,4,10,90,6.750494
425,recovery,0.200000,0.027778,10.58,3,4,10,90,6.882473
426,recovery,0.180000,0.022405,10.57,3,4,10,90,6.882473
427,recovery,0.180000,0.022405,10.58,3,4,10,90,6.882473
428,recovery,0.180000,0.022405,10.57,3,4,10,90,6.882473
429,recovery,0.160000,0.021014,10.57,2,4,10,90,7.101989
430,recovery,0.160000,0.021014,10.57,2,4,10,90,7.101989
431,recovery,0.160000,0.021014,10.58,2,4,10,90,7.101989
432,recovery,0.160000,0.021014,10.51,1,4,10,90,7.149809
433,recovery,0.160000,0.021014,10.50,1,4,10,90,7.149809
434,recovery,0.160000,0.021014,10.48,1,4,10,90,7.149809
435,recovery,0.160000,0.021014,10.49,1,4,10,90,7.149809
436,recovery,0.160000,0.021014,10.49,1,2,10,90,7.149809
437,recovery,0.160000,0.021014,10.52,1,4,10,90,7.149809
438,recovery,0.160000,0.021014,10.53,1,2,10,90,7.149809
439,recovery,0.160000,0.021014,10.54,0,4,10,90,7.412706
440,recovery,0.160000,0.021014,10.53,0,2,10,90,7.412706
441,recovery,0.160000,0.019365,10.54,1,2,10,91,7.412706
442,recovery,0.160000,0.019365,10.54,1,4,10,91,7.412706
443,recovery,0.180000,0.020516,10.55,1,2,10,92,7.412706
444,recovery,0.180000,0.020516,10.55,1,2,10,92,7.412706
445,recovery,0.200000,0.022530,10.58,2,4,10,93,7.412706
446,recovery,0.180000,0.020384,10.59,2,2,10,93,7.412706
447,recovery,0.180000,0.020384,10.60,2,2,10,93,7.412706
448,recovery,0.180000,0.020384,10.67,2,4,10,93,7.412706
449,recovery,0.180000,0.020384,10.72,2,4,10,93,7.412706
450,recovery,0.180000,0.020384,10.70,2,4,10,93,7.412706
451,recovery,0.200000,0.021836,10.71,3,2,10,94,7.412706
452,recovery,0.180000,0.016578,10.71,3,2,10,94,7.412706
453,recovery,0.180000,0.016578,10.71,3,4,10,94,7.412706
454,recovery,0.180000,0.016578,10.70,3,4,10,94,7.412706
455,recovery,0.180000,0.016578,10.70,3,4,10,94,7.412706
456,recovery,0.160000,0.012188,10.69,3,4,10,94,7.412706
457,recovery,0.160000,0.012188,10.72,2,4,10,94,7.513429
458,recovery,0.140000,0.010257,10.70,2,2,10,94,7.513429
459,recovery,0.160000,0.011202,10.69,3,2,10,95,7.513429
460,recovery,0.140000,0.009679,10.66,3,4,10,95,7.513429
461,recovery,0.140000,0.009679,10.65,3,4,10,95,7.513429
462,recovery,0.140000,0.009679,10.64,3,4,10,95,7.513429
463,recovery,0.140000,0.009679,10.65,3,4,10,95,7.513429
464,recovery,0.140000,0.009679,10.57,3,4,10,95,7.513429
465,recovery,0.120000,0.007509,10.53,3,2,10,95,7.513429
466,recovery,0.120000,0.007509,10.49,3,4,10,95,7.513429
467,recovery,0.120000,0.007509,10.50,2,4,10,95,7.560669
468,recovery,0.120000,0.007509,10.53,2,4,10,95,7.560669
469,recovery,0.120000,0.007509,10.55,2,4,10,95,7.560669
470,recovery,0.140000,0.011707,10.57,3,4,10,96,7.560669
471,recovery,0.120000,0.010751,10.59,3,4,10,96,7.560669
472,recovery,0.120000,0.010751,10.60,3,4,10,96,7.560669
473,recovery,0.140000,0.014322,10.56,3,4,10,97,7.560669
474,recovery,0.160000,0.019117,10.52,3,4,10,98,7.560669
475,recovery,0.160000,0.019117,10.48,3,4,10,98,7.560669
476,recovery,0.160000,0.019117,10.45,3,4,10,98,7.560669
477,recovery,0.160000,0.019117,10.42,3,4,10,98,7.560669
478,recovery,0.160000,0.019117,10.39,3,4,10,98,7.560669
479,recovery,0.160000,0.019117,10.36,3,4,10,98,7.560669
480,recovery,0.160000,0.019117,10.35,3,4,10,98,7.560669
481,recovery,0.160000,0.019117,10.30,3,4,10,98,7.560669
482,recovery,0.160000,0.019117,10.30,3,4,10,98,7.560669
483,recovery,0.160000,0.019117,10.28,3,4,10,98,7.560669
484,recovery,0.160000,0.019117,10.31,3,4,10,98,7.560669
485,recovery,0.160000,0.019117,10.32,3,4,10,98,7.560669
486,recovery,0.160000,0.019117,10.31,2,4,10,98,7.610190
487,recovery,0.160000,0.019117,10.27,2,4,10,98,7.610190
488,recovery,0.160000,0.019117,10.28,2,4,10,98,7.610190
489,recovery,0.160000,0.019117,10.26,2,4,10,98,7.610190
490,recovery,0.160000,0.019117,10.26,2,4,10,98,7.610190
491,recovery,0.140000,0.018127,10.26,2,4,10,98,7.610190
492,recovery,0.140000,0.018127,10.27,2,4,10,98,7.610190
493,recovery,0.120000,0.016976,10.25,2,4,10,98,7.610190
494,recovery,0.120000,0.016976,10.25,2,4,10,98,7.610190
495,recovery,0.100000,0.014962,10.25,2,4,10,98,7.610190
496,recovery,0.100000,0.014962,10.31,2,4,10,98,7.610190
497,recovery,0.100000,0.014962,10.37,2,4,10,98,7.610190
498,recovery,0.100000,0.014962,10.42,2,4,10,98,7.610190
499,recovery,0.120000,0.018589,10.42,2,4,10,99,7.610190
